Website URL,Company Name,Industry
https://002.au/,Color Chase,
https://00o.au/,Hello world! – 00o – nothing to see,
http://10.au/,This domain name has been registered with Gandi.net,
https://chelseaheightsmc.121group.au/,Chelsea Heights Medical Centre,
https://hastingsfmc.121group.au/,Hastings Medical Centre,
https://123buyonline.au/,123BuyOnline,
https://13silvertaxis.au/,13 Silver Taxis – Airport Taxi Booking Services,
https://13voip.au/,Networking,
http://15.au/,404,
https://www.1800advocates.au/,1800ADVOCATES,
https://1800cabins.au/,"Granny Flats & Cabins Melbourne, Portable Tiny Houses Victoria",
https://187hornsby.au/,187Hornsby,
https://1946.au/,Not Acceptable!,
https://1bc.au/,1Breadcrumb | Construction safety sorted,
https://1breadcrumb.au/,1Breadcrumb | Construction safety sorted,
http://ww17.1k.au/,1k.au,
https://1rose.au/,1ROSE,
https://1sell.au/,1SELL Business Brokers,
http://1sg.au/,1sg.au,
https://1stchoicefix.au/,403 Forbidden,
https://www.1supplements.au/,1SUPPLEMENTS -- NATURALLY BETTER!,1supplements.au
http://1vsg.au/,Moved Permanently,
https://1vsg.au/,1st Vermont Scout Group,
https://2249.au/,Fiduciary Services,
https://www.22qminded.au/,22qminded,
https://22racing.au/,"One moment, please...",
https://www.23sussex.au/,23 Sussex St,
http://23ten.au/,301 Moved Permanently,
https://24-7prayer.au/,403 Forbidden,
https://24hourpropertymaintenancerepairs.au/,24x7,
https://2ad.au/,"One moment, please...",
http://2ad.au/,"One moment, please...",
http://2b2t.au/,This server is hosted by,
http://www.2bluebirds.au/,Redirecting to https://www.2bluebirds.au,
https://www.2bluebirds.au/,2 Bluebirds Scrapbooking & Craft,
http://portal.2ck.au/,Awesome SaaS,
https://2ezi.au/,2 Ezi,
